,Time Stamp,Load (MW),P1,P2,P3
0,2018-01-01 00:00:00,63.042394014962596,20,40.0,3.0423940149625963
1,2018-01-01 00:15:00,66.83291770573567,20,40.0,6.832917705735667
2,2018-01-01 00:30:00,66.83291770573567,20,40.0,6.832917705735667
3,2018-01-01 00:45:00,66.63341645885288,20,40.0,6.633416458852878
4,2018-01-01 01:00:00,65.03740648379053,20,40.0,5.037406483790534
5,2018-01-01 01:15:00,62.443890274314214,20,40.0,2.4438902743142137
6,2018-01-01 01:30:00,62.244389027431424,20,40.0,2.244389027431424
7,2018-01-01 01:45:00,66.0349127182045,20,40.0,6.034912718204495
8,2018-01-01 02:00:00,67.03241895261846,20,40.0,7.032418952618457
9,2018-01-01 02:15:00,61.24688279301746,20,40.0,1.2468827930174626
10,2018-01-01 02:30:00,60.44887780548629,20,40.0,0.4488778054862905
11,2018-01-01 02:45:00,62.044887780548635,20,40.0,2.0448877805486347
12,2018-01-01 03:00:00,64.23940149625935,20,40.0,4.239401496259347
13,2018-01-01 03:15:00,64.83790523690773,20,40.0,4.83790523690773
14,2018-01-01 03:30:00,64.03990024937656,20,40.0,4.039900249376558
15,2018-01-01 03:45:00,64.43890274314215,20,40.0,4.438902743142151
16,2018-01-01 04:00:00,66.0349127182045,20,40.0,6.034912718204495
17,2018-01-01 04:15:00,64.63840399002494,20,40.0,4.6384039900249405
18,2018-01-01 04:30:00,63.44139650872818,20,40.0,3.4413965087281824
19,2018-01-01 04:45:00,63.64089775561098,20,40.0,3.640897755610979
20,2018-01-01 05:00:00,65.03740648379053,20,40.0,5.037406483790534
21,2018-01-01 05:15:00,66.83291770573567,20,40.0,6.832917705735667
22,2018-01-01 05:30:00,66.23441396508728,20,40.0,6.234413965087285
23,2018-01-01 05:45:00,65.03740648379053,20,40.0,5.037406483790534
24,2018-01-01 06:00:00,64.23940149625935,20,40.0,4.239401496259347
25,2018-01-01 06:15:00,65.43640897755611,20,40.0,5.436408977556113
26,2018-01-01 06:30:00,70.42394014962593,20,40.0,10.423940149625935
27,2018-01-01 06:45:00,70.22443890274315,20,40.0,10.224438902743145
28,2018-01-01 07:00:00,69.62593516209476,20,40.0,9.625935162094763
29,2018-01-01 07:15:00,69.22693266832918,20,40.0,9.226932668329184
30,2018-01-01 07:30:00,71.82044887780549,20,40.0,11.82044887780549
31,2018-01-01 07:45:00,73.61596009975062,20,40.0,13.615960099750623
32,2018-01-01 08:00:00,74.01496259351622,20,40.0,14.014962593516216
33,2018-01-01 08:15:00,71.82044887780549,20,40.0,11.82044887780549
34,2018-01-01 08:30:00,69.22693266832918,20,40.0,9.226932668329184
35,2018-01-01 08:45:00,69.42643391521197,20,40.0,9.426433915211973
36,2018-01-01 09:00:00,68.6284289276808,20,40.0,8.628428927680801
37,2018-01-01 09:15:00,68.6284289276808,20,40.0,8.628428927680801
38,2018-01-01 09:30:00,71.42144638403991,20,40.0,11.42144638403991
39,2018-01-01 09:45:00,75.61097256857856,20,40.0,15.61097256857856
40,2018-01-01 10:00:00,75.61097256857856,20,40.0,15.61097256857856
41,2018-01-01 10:15:00,74.6134663341646,20,40.0,14.613466334164599
42,2018-01-01 10:30:00,74.4139650872818,20,40.0,14.413965087281795
43,2018-01-01 10:45:00,75.01246882793018,20,40.0,15.012468827930178
44,2018-01-01 11:00:00,77.2069825436409,20,40.0,17.206982543640905
45,2018-01-01 11:15:00,79.00249376558604,20,40.0,19.00249376558604
46,2018-01-01 11:30:00,78.00498753117208,20,40.0,18.004987531172077
47,2018-01-01 11:45:00,75.81047381546135,20,40.0,15.81047381546135
48,2018-01-01 12:00:00,74.6134663341646,20,40.0,14.613466334164599
49,2018-01-01 12:15:00,74.4139650872818,20,40.0,14.413965087281795
50,2018-01-01 12:30:00,75.81047381546135,20,40.0,15.81047381546135
51,2018-01-01 12:45:00,77.60598503740648,20,40.0,17.605985037406484
52,2018-01-01 13:00:00,75.41147132169576,20,40.0,15.411471321695757
53,2018-01-01 13:15:00,74.214463840399,20,40.0,14.214463840399006
54,2018-01-01 13:30:00,73.61596009975062,20,40.0,13.615960099750623
55,2018-01-01 13:45:00,76.60847880299252,20,40.0,16.608478802992522
56,2018-01-01 14:00:00,78.20448877805487,20,40.0,18.204488778054866
57,2018-01-01 14:15:00,77.2069825436409,20,40.0,17.206982543640905
58,2018-01-01 14:30:00,75.01246882793018,20,40.0,15.012468827930178
59,2018-01-01 14:45:00,76.20947630922694,20,40.0,16.209476309226943
60,2018-01-01 15:00:00,75.21197007481297,20,40.0,15.211970074812967
61,2018-01-01 15:15:00,75.81047381546135,20,40.0,15.81047381546135
62,2018-01-01 15:30:00,76.00997506234414,20,40.0,16.00997506234414
63,2018-01-01 15:45:00,77.80548628428929,20,40.0,17.805486284289287
64,2018-01-01 16:00:00,76.40897755610973,20,40.0,16.408977556109733
65,2018-01-01 16:15:00,75.01246882793018,20,40.0,15.012468827930178
66,2018-01-01 16:30:00,74.4139650872818,20,40.0,14.413965087281795
67,2018-01-01 16:45:00,76.00997506234414,20,40.0,16.00997506234414
68,2018-01-01 17:00:00,75.21197007481297,20,40.0,15.211970074812967
69,2018-01-01 17:15:00,74.214463840399,20,40.0,14.214463840399006
70,2018-01-01 17:30:00,69.42643391521197,20,40.0,9.426433915211973
71,2018-01-01 17:45:00,74.214463840399,20,40.0,14.214463840399006
72,2018-01-01 18:00:00,74.01496259351622,20,40.0,14.014962593516216
73,2018-01-01 18:15:00,74.6134663341646,20,40.0,14.613466334164599
74,2018-01-01 18:30:00,74.81296758104739,20,40.0,14.812967581047388
75,2018-01-01 18:45:00,75.41147132169576,20,40.0,15.411471321695757
76,2018-01-01 19:00:00,73.21695760598504,20,40.0,13.216957605985044
77,2018-01-01 19:15:00,70.22443890274315,20,40.0,10.224438902743145
78,2018-01-01 19:30:00,68.6284289276808,20,40.0,8.628428927680801
79,2018-01-01 19:45:00,69.42643391521197,20,40.0,9.426433915211973
80,2018-01-01 20:00:00,69.22693266832918,20,40.0,9.226932668329184
81,2018-01-01 20:15:00,70.22443890274315,20,40.0,10.224438902743145
82,2018-01-01 20:30:00,71.6209476309227,20,40.0,11.6209476309227
83,2018-01-01 20:45:00,72.01995012468828,20,40.0,12.019950124688279
84,2018-01-01 21:00:00,68.6284289276808,20,40.0,8.628428927680801
85,2018-01-01 21:15:00,67.43142144638404,20,40.0,7.431421446384036
86,2018-01-01 21:30:00,66.23441396508728,20,40.0,6.234413965087285
87,2018-01-01 21:45:00,66.23441396508728,20,40.0,6.234413965087285
88,2018-01-01 22:00:00,64.03990024937656,20,40.0,4.039900249376558
89,2018-01-01 22:15:00,62.244389027431424,20,40.0,2.244389027431424
90,2018-01-01 22:30:00,60.0498753117207,20,40.0,0.04987531172069737
91,2018-01-01 22:45:00,59.85037406483791,20,39.85037406483791,0.0
92,2018-01-01 23:00:00,61.24688279301746,20,40.0,1.2468827930174626
93,2018-01-01 23:15:00,62.64339152119701,20,40.0,2.6433915211970103
94,2018-01-01 23:30:00,65.23690773067332,20,40.0,5.236907730673323
95,2018-01-01 23:45:00,65.03740648379053,20,40.0,5.037406483790534
96,2018-01-02 00:00:00,63.84039900249377,20,40.0,3.8403990024937684
97,2018-01-02 00:15:00,68.02992518703242,20,40.0,8.029925187032418
98,2018-01-02 00:30:00,67.43142144638404,20,40.0,7.431421446384036
99,2018-01-02 00:45:00,66.63341645885288,20,40.0,6.633416458852878
100,2018-01-02 01:00:00,64.03990024937656,20,40.0,4.039900249376558
101,2018-01-02 01:15:00,61.84538653366584,20,40.0,1.8453865336658382
102,2018-01-02 01:30:00,61.44638403990025,20,40.0,1.446384039900252
103,2018-01-02 01:45:00,65.43640897755611,20,40.0,5.436408977556113
104,2018-01-02 02:00:00,65.83541147132169,20,40.0,5.835411471321692
105,2018-01-02 02:15:00,61.84538653366584,20,40.0,1.8453865336658382
106,2018-01-02 02:30:00,61.64588528678304,20,40.0,1.6458852867830416
107,2018-01-02 02:45:00,63.241895261845386,20,40.0,3.241895261845386
108,2018-01-02 03:00:00,64.03990024937656,20,40.0,4.039900249376558
109,2018-01-02 03:15:00,64.63840399002494,20,40.0,4.6384039900249405
110,2018-01-02 03:30:00,63.64089775561098,20,40.0,3.640897755610979
111,2018-01-02 03:45:00,64.23940149625935,20,40.0,4.239401496259347
112,2018-01-02 04:00:00,62.044887780548635,20,40.0,2.0448877805486347
113,2018-01-02 04:15:00,63.042394014962596,20,40.0,3.0423940149625963
114,2018-01-02 04:30:00,62.84289276807981,20,40.0,2.842892768079807
115,2018-01-02 04:45:00,63.042394014962596,20,40.0,3.0423940149625963
116,2018-01-02 05:00:00,64.63840399002494,20,40.0,4.6384039900249405
117,2018-01-02 05:15:00,67.23192019950125,20,40.0,7.231920199501246
118,2018-01-02 05:30:00,65.43640897755611,20,40.0,5.436408977556113
119,2018-01-02 05:45:00,66.0349127182045,20,40.0,6.034912718204495
120,2018-01-02 06:00:00,64.23940149625935,20,40.0,4.239401496259347
121,2018-01-02 06:15:00,65.03740648379053,20,40.0,5.037406483790534
122,2018-01-02 06:30:00,69.82543640897757,20,40.0,9.825436408977566
123,2018-01-02 06:45:00,72.01995012468828,20,40.0,12.019950124688279
124,2018-01-02 07:00:00,70.62344139650872,20,40.0,10.623441396508724
125,2018-01-02 07:15:00,67.23192019950125,20,40.0,7.231920199501246
126,2018-01-02 07:30:00,70.22443890274315,20,40.0,10.224438902743145
127,2018-01-02 07:45:00,73.41645885286783,20,40.0,13.416458852867834
128,2018-01-02 08:00:00,74.214463840399,20,40.0,14.214463840399006
129,2018-01-02 08:15:00,72.81795511221945,20,40.0,12.817955112219451
130,2018-01-02 08:30:00,70.02493765586036,20,40.0,10.024937655860356
131,2018-01-02 08:45:00,70.62344139650872,20,40.0,10.623441396508724
132,2018-01-02 09:00:00,71.42144638403991,20,40.0,11.42144638403991
133,2018-01-02 09:15:00,70.22443890274315,20,40.0,10.224438902743145
134,2018-01-02 09:30:00,72.41895261845387,20,40.0,12.418952618453872
135,2018-01-02 09:45:00,75.41147132169576,20,40.0,15.411471321695757
136,2018-01-02 10:00:00,76.80798004987531,20,40.0,16.80798004987531
137,2018-01-02 10:15:00,75.01246882793018,20,40.0,15.012468827930178
138,2018-01-02 10:30:00,75.61097256857856,20,40.0,15.61097256857856
139,2018-01-02 10:45:00,75.41147132169576,20,40.0,15.411471321695757
140,2018-01-02 11:00:00,78.00498753117208,20,40.0,18.004987531172077
141,2018-01-02 11:15:00,79.40149625935163,20,40.0,19.40149625935163
142,2018-01-02 11:30:00,78.40399002493766,20,40.0,18.403990024937656
143,2018-01-02 11:45:00,75.81047381546135,20,40.0,15.81047381546135
144,2018-01-02 12:00:00,74.4139650872818,20,40.0,14.413965087281795
145,2018-01-02 12:15:00,74.214463840399,20,40.0,14.214463840399006
146,2018-01-02 12:30:00,75.61097256857856,20,40.0,15.61097256857856
147,2018-01-02 12:45:00,76.40897755610973,20,40.0,16.408977556109733
148,2018-01-02 13:00:00,76.80798004987531,20,40.0,16.80798004987531
149,2018-01-02 13:15:00,74.4139650872818,20,40.0,14.413965087281795
150,2018-01-02 13:30:00,71.82044887780549,20,40.0,11.82044887780549
151,2018-01-02 13:45:00,73.61596009975062,20,40.0,13.615960099750623
152,2018-01-02 14:00:00,75.81047381546135,20,40.0,15.81047381546135
153,2018-01-02 14:15:00,74.214463840399,20,40.0,14.214463840399006
154,2018-01-02 14:30:00,71.82044887780549,20,40.0,11.82044887780549
155,2018-01-02 14:45:00,73.41645885286783,20,40.0,13.416458852867834
156,2018-01-02 15:00:00,73.61596009975062,20,40.0,13.615960099750623
157,2018-01-02 15:15:00,74.6134663341646,20,40.0,14.613466334164599
158,2018-01-02 15:30:00,74.81296758104739,20,40.0,14.812967581047388
159,2018-01-02 15:45:00,74.214463840399,20,40.0,14.214463840399006
160,2018-01-02 16:00:00,74.01496259351622,20,40.0,14.014962593516216
161,2018-01-02 16:15:00,73.41645885286783,20,40.0,13.416458852867834
162,2018-01-02 16:30:00,72.01995012468828,20,40.0,12.019950124688279
163,2018-01-02 16:45:00,71.42144638403991,20,40.0,11.42144638403991
164,2018-01-02 17:00:00,72.81795511221945,20,40.0,12.817955112219451
165,2018-01-02 17:15:00,71.42144638403991,20,40.0,11.42144638403991
166,2018-01-02 17:30:00,68.42892768079801,20,40.0,8.428927680798012
167,2018-01-02 17:45:00,73.01745635910225,20,40.0,13.017456359102255
168,2018-01-02 18:00:00,74.214463840399,20,40.0,14.214463840399006
169,2018-01-02 18:15:00,71.82044887780549,20,40.0,11.82044887780549
170,2018-01-02 18:30:00,73.21695760598504,20,40.0,13.216957605985044
171,2018-01-02 18:45:00,74.01496259351622,20,40.0,14.014962593516216
172,2018-01-02 19:00:00,73.01745635910225,20,40.0,13.017456359102255
173,2018-01-02 19:15:00,68.42892768079801,20,40.0,8.428927680798012
174,2018-01-02 19:30:00,66.0349127182045,20,40.0,6.034912718204495
175,2018-01-02 19:45:00,68.02992518703242,20,40.0,8.029925187032418
176,2018-01-02 20:00:00,68.6284289276808,20,40.0,8.628428927680801
177,2018-01-02 20:15:00,68.82793017456359,20,40.0,8.82793017456359
178,2018-01-02 20:30:00,70.22443890274315,20,40.0,10.224438902743145
179,2018-01-02 20:45:00,69.42643391521197,20,40.0,9.426433915211973
180,2018-01-02 21:00:00,68.6284289276808,20,40.0,8.628428927680801
181,2018-01-02 21:15:00,66.83291770573567,20,40.0,6.832917705735667
182,2018-01-02 21:30:00,65.43640897755611,20,40.0,5.436408977556113
183,2018-01-02 21:45:00,64.63840399002494,20,40.0,4.6384039900249405
184,2018-01-02 22:00:00,62.84289276807981,20,40.0,2.842892768079807
185,2018-01-02 22:15:00,61.64588528678304,20,40.0,1.6458852867830416
186,2018-01-02 22:30:00,59.85037406483791,20,39.85037406483791,0.0
187,2018-01-02 22:45:00,58.852867830423946,20,38.852867830423946,0.0
188,2018-01-02 23:00:00,60.44887780548629,20,40.0,0.4488778054862905
189,2018-01-02 23:15:00,61.84538653366584,20,40.0,1.8453865336658382
190,2018-01-02 23:30:00,64.63840399002494,20,40.0,4.6384039900249405
191,2018-01-02 23:45:00,63.84039900249377,20,40.0,3.8403990024937684
192,2018-01-03 00:00:00,62.84289276807981,20,40.0,2.842892768079807
193,2018-01-03 00:15:00,67.03241895261846,20,40.0,7.032418952618457
194,2018-01-03 00:30:00,66.83291770573567,20,40.0,6.832917705735667
195,2018-01-03 00:45:00,65.43640897755611,20,40.0,5.436408977556113
196,2018-01-03 01:00:00,62.64339152119701,20,40.0,2.6433915211970103
197,2018-01-03 01:15:00,61.047381546134666,20,40.0,1.047381546134666
198,2018-01-03 01:30:00,59.85037406483791,20,39.85037406483791,0.0
199,2018-01-03 01:45:00,64.23940149625935,20,40.0,4.239401496259347
200,2018-01-03 02:00:00,65.03740648379053,20,40.0,5.037406483790534
201,2018-01-03 02:15:00,60.249376558603494,20,40.0,0.24937655860349395
202,2018-01-03 02:30:00,61.24688279301746,20,40.0,1.2468827930174626
203,2018-01-03 02:45:00,62.044887780548635,20,40.0,2.0448877805486347
204,2018-01-03 03:00:00,62.84289276807981,20,40.0,2.842892768079807
205,2018-01-03 03:15:00,63.64089775561098,20,40.0,3.640897755610979
206,2018-01-03 03:30:00,64.03990024937656,20,40.0,4.039900249376558
207,2018-01-03 03:45:00,63.84039900249377,20,40.0,3.8403990024937684
208,2018-01-03 04:00:00,64.23940149625935,20,40.0,4.239401496259347
209,2018-01-03 04:15:00,62.443890274314214,20,40.0,2.4438902743142137
210,2018-01-03 04:30:00,61.24688279301746,20,40.0,1.2468827930174626
211,2018-01-03 04:45:00,62.443890274314214,20,40.0,2.4438902743142137
212,2018-01-03 05:00:00,64.83790523690773,20,40.0,4.83790523690773
213,2018-01-03 05:15:00,66.43391521197007,20,40.0,6.433915211970074
214,2018-01-03 05:30:00,65.23690773067332,20,40.0,5.236907730673323
215,2018-01-03 05:45:00,66.83291770573567,20,40.0,6.832917705735667
216,2018-01-03 06:00:00,65.83541147132169,20,40.0,5.835411471321692
217,2018-01-03 06:15:00,66.83291770573567,20,40.0,6.832917705735667
218,2018-01-03 06:30:00,70.02493765586036,20,40.0,10.024937655860356
219,2018-01-03 06:45:00,70.42394014962593,20,40.0,10.423940149625935
220,2018-01-03 07:00:00,70.42394014962593,20,40.0,10.423940149625935
221,2018-01-03 07:15:00,68.6284289276808,20,40.0,8.628428927680801
222,2018-01-03 07:30:00,68.82793017456359,20,40.0,8.82793017456359
223,2018-01-03 07:45:00,73.01745635910225,20,40.0,13.017456359102255
224,2018-01-03 08:00:00,73.61596009975062,20,40.0,13.615960099750623
225,2018-01-03 08:15:00,71.42144638403991,20,40.0,11.42144638403991
226,2018-01-03 08:30:00,70.02493765586036,20,40.0,10.024937655860356
227,2018-01-03 08:45:00,69.42643391521197,20,40.0,9.426433915211973
228,2018-01-03 09:00:00,70.82294264339153,20,40.0,10.822942643391528
229,2018-01-03 09:15:00,70.02493765586036,20,40.0,10.024937655860356
230,2018-01-03 09:30:00,70.82294264339153,20,40.0,10.822942643391528
231,2018-01-03 09:45:00,74.6134663341646,20,40.0,14.613466334164599
232,2018-01-03 10:00:00,75.21197007481297,20,40.0,15.211970074812967
233,2018-01-03 10:15:00,73.41645885286783,20,40.0,13.416458852867834
234,2018-01-03 10:30:00,73.61596009975062,20,40.0,13.615960099750623
235,2018-01-03 10:45:00,74.214463840399,20,40.0,14.214463840399006
236,2018-01-03 11:00:00,75.81047381546135,20,40.0,15.81047381546135
237,2018-01-03 11:15:00,79.40149625935163,20,40.0,19.40149625935163
238,2018-01-03 11:30:00,78.00498753117208,20,40.0,18.004987531172077
239,2018-01-03 11:45:00,76.60847880299252,20,40.0,16.608478802992522
240,2018-01-03 12:00:00,75.81047381546135,20,40.0,15.81047381546135
241,2018-01-03 12:15:00,74.214463840399,20,40.0,14.214463840399006
242,2018-01-03 12:30:00,75.61097256857856,20,40.0,15.61097256857856
243,2018-01-03 12:45:00,74.214463840399,20,40.0,14.214463840399006
244,2018-01-03 13:00:00,74.214463840399,20,40.0,14.214463840399006
245,2018-01-03 13:15:00,71.42144638403991,20,40.0,11.42144638403991
246,2018-01-03 13:30:00,69.42643391521197,20,40.0,9.426433915211973
247,2018-01-03 13:45:00,73.41645885286783,20,40.0,13.416458852867834
248,2018-01-03 14:00:00,74.6134663341646,20,40.0,14.613466334164599
249,2018-01-03 14:15:00,73.81546134663341,20,40.0,13.815461346633413
250,2018-01-03 14:30:00,72.61845386533666,20,40.0,12.618453865336662
251,2018-01-03 14:45:00,73.01745635910225,20,40.0,13.017456359102255
252,2018-01-03 15:00:00,72.61845386533666,20,40.0,12.618453865336662
253,2018-01-03 15:15:00,75.61097256857856,20,40.0,15.61097256857856
254,2018-01-03 15:30:00,76.00997506234414,20,40.0,16.00997506234414
255,2018-01-03 15:45:00,75.01246882793018,20,40.0,15.012468827930178
256,2018-01-03 16:00:00,73.21695760598504,20,40.0,13.216957605985044
257,2018-01-03 16:15:00,72.81795511221945,20,40.0,12.817955112219451
258,2018-01-03 16:30:00,73.61596009975062,20,40.0,13.615960099750623
259,2018-01-03 16:45:00,71.6209476309227,20,40.0,11.6209476309227
260,2018-01-03 17:00:00,72.41895261845387,20,40.0,12.418952618453872
261,2018-01-03 17:15:00,71.2219451371571,20,40.0,11.221945137157107
262,2018-01-03 17:30:00,69.22693266832918,20,40.0,9.226932668329184
263,2018-01-03 17:45:00,72.81795511221945,20,40.0,12.817955112219451
264,2018-01-03 18:00:00,71.82044887780549,20,40.0,11.82044887780549
265,2018-01-03 18:15:00,72.21945137157107,20,40.0,12.219451371571068
266,2018-01-03 18:30:00,73.41645885286783,20,40.0,13.416458852867834
267,2018-01-03 18:45:00,72.01995012468828,20,40.0,12.019950124688279
268,2018-01-03 19:00:00,70.22443890274315,20,40.0,10.224438902743145
269,2018-01-03 19:15:00,66.63341645885288,20,40.0,6.633416458852878
270,2018-01-03 19:30:00,65.6359102244389,20,40.0,5.635910224438902
271,2018-01-03 19:45:00,67.03241895261846,20,40.0,7.032418952618457
272,2018-01-03 20:00:00,67.63092269326684,20,40.0,7.6309226932668395
273,2018-01-03 20:15:00,68.6284289276808,20,40.0,8.628428927680801
274,2018-01-03 20:30:00,69.82543640897757,20,40.0,9.825436408977566
275,2018-01-03 20:45:00,71.6209476309227,20,40.0,11.6209476309227
276,2018-01-03 21:00:00,67.83042394014963,20,40.0,7.830423940149629
277,2018-01-03 21:15:00,68.22942643391522,20,40.0,8.229426433915222
278,2018-01-03 21:30:00,67.23192019950125,20,40.0,7.231920199501246
279,2018-01-03 21:45:00,68.6284289276808,20,40.0,8.628428927680801
280,2018-01-03 22:00:00,64.63840399002494,20,40.0,4.6384039900249405
281,2018-01-03 22:15:00,61.64588528678304,20,40.0,1.6458852867830416
282,2018-01-03 22:30:00,59.45137157107232,20,39.45137157107232,0.0
283,2018-01-03 22:45:00,59.251870324189525,20,39.251870324189525,0.0
284,2018-01-03 23:00:00,61.24688279301746,20,40.0,1.2468827930174626
285,2018-01-03 23:15:00,62.244389027431424,20,40.0,2.244389027431424
286,2018-01-03 23:30:00,64.63840399002494,20,40.0,4.6384039900249405
287,2018-01-03 23:45:00,64.03990024937656,20,40.0,4.039900249376558
288,2018-01-04 00:00:00,62.044887780548635,20,40.0,2.0448877805486347
289,2018-01-04 00:15:00,66.63341645885288,20,40.0,6.633416458852878
290,2018-01-04 00:30:00,66.23441396508728,20,40.0,6.234413965087285
291,2018-01-04 00:45:00,65.43640897755611,20,40.0,5.436408977556113
292,2018-01-04 01:00:00,64.03990024937656,20,40.0,4.039900249376558
293,2018-01-04 01:15:00,61.24688279301746,20,40.0,1.2468827930174626
294,2018-01-04 01:30:00,61.047381546134666,20,40.0,1.047381546134666
295,2018-01-04 01:45:00,64.63840399002494,20,40.0,4.6384039900249405
296,2018-01-04 02:00:00,64.63840399002494,20,40.0,4.6384039900249405
297,2018-01-04 02:15:00,60.64837905236908,20,40.0,0.64837905236908
298,2018-01-04 02:30:00,61.84538653366584,20,40.0,1.8453865336658382
299,2018-01-04 02:45:00,61.24688279301746,20,40.0,1.2468827930174626
300,2018-01-04 03:00:00,62.443890274314214,20,40.0,2.4438902743142137
301,2018-01-04 03:15:00,63.84039900249377,20,40.0,3.8403990024937684
302,2018-01-04 03:30:00,63.042394014962596,20,40.0,3.0423940149625963
303,2018-01-04 03:45:00,62.84289276807981,20,40.0,2.842892768079807
304,2018-01-04 04:00:00,63.241895261845386,20,40.0,3.241895261845386
305,2018-01-04 04:15:00,61.24688279301746,20,40.0,1.2468827930174626
306,2018-01-04 04:30:00,61.64588528678304,20,40.0,1.6458852867830416
307,2018-01-04 04:45:00,63.64089775561098,20,40.0,3.640897755610979
308,2018-01-04 05:00:00,64.83790523690773,20,40.0,4.83790523690773
309,2018-01-04 05:15:00,68.02992518703242,20,40.0,8.029925187032418
310,2018-01-04 05:30:00,65.83541147132169,20,40.0,5.835411471321692
311,2018-01-04 05:45:00,66.83291770573567,20,40.0,6.832917705735667
312,2018-01-04 06:00:00,66.83291770573567,20,40.0,6.832917705735667
313,2018-01-04 06:15:00,67.43142144638404,20,40.0,7.431421446384036
314,2018-01-04 06:30:00,69.22693266832918,20,40.0,9.226932668329184
315,2018-01-04 06:45:00,71.2219451371571,20,40.0,11.221945137157107
316,2018-01-04 07:00:00,71.2219451371571,20,40.0,11.221945137157107
317,2018-01-04 07:15:00,69.82543640897757,20,40.0,9.825436408977566
318,2018-01-04 07:30:00,69.42643391521197,20,40.0,9.426433915211973
319,2018-01-04 07:45:00,71.2219451371571,20,40.0,11.221945137157107
320,2018-01-04 08:00:00,71.82044887780549,20,40.0,11.82044887780549
321,2018-01-04 08:15:00,70.02493765586036,20,40.0,10.024937655860356
322,2018-01-04 08:30:00,68.22942643391522,20,40.0,8.229426433915222
323,2018-01-04 08:45:00,68.82793017456359,20,40.0,8.82793017456359
324,2018-01-04 09:00:00,68.42892768079801,20,40.0,8.428927680798012
325,2018-01-04 09:15:00,70.62344139650872,20,40.0,10.623441396508724
326,2018-01-04 09:30:00,71.02244389027432,20,40.0,11.022443890274317
327,2018-01-04 09:45:00,74.214463840399,20,40.0,14.214463840399006
328,2018-01-04 10:00:00,74.81296758104739,20,40.0,14.812967581047388
329,2018-01-04 10:15:00,73.61596009975062,20,40.0,13.615960099750623
330,2018-01-04 10:30:00,74.214463840399,20,40.0,14.214463840399006
331,2018-01-04 10:45:00,73.61596009975062,20,40.0,13.615960099750623
332,2018-01-04 11:00:00,77.60598503740648,20,40.0,17.605985037406484
333,2018-01-04 11:15:00,78.20448877805487,20,40.0,18.204488778054866
334,2018-01-04 11:30:00,77.2069825436409,20,40.0,17.206982543640905
335,2018-01-04 11:45:00,74.214463840399,20,40.0,14.214463840399006
336,2018-01-04 12:00:00,74.81296758104739,20,40.0,14.812967581047388
337,2018-01-04 12:15:00,76.20947630922694,20,40.0,16.209476309226943
338,2018-01-04 12:30:00,75.41147132169576,20,40.0,15.411471321695757
339,2018-01-04 12:45:00,75.01246882793018,20,40.0,15.012468827930178
340,2018-01-04 13:00:00,74.214463840399,20,40.0,14.214463840399006
341,2018-01-04 13:15:00,71.42144638403991,20,40.0,11.42144638403991
342,2018-01-04 13:30:00,71.2219451371571,20,40.0,11.221945137157107
343,2018-01-04 13:45:00,74.6134663341646,20,40.0,14.613466334164599
344,2018-01-04 14:00:00,75.21197007481297,20,40.0,15.211970074812967
345,2018-01-04 14:15:00,72.61845386533666,20,40.0,12.618453865336662
346,2018-01-04 14:30:00,72.81795511221945,20,40.0,12.817955112219451
347,2018-01-04 14:45:00,74.01496259351622,20,40.0,14.014962593516216
348,2018-01-04 15:00:00,73.81546134663341,20,40.0,13.815461346633413
349,2018-01-04 15:15:00,74.214463840399,20,40.0,14.214463840399006
350,2018-01-04 15:30:00,74.81296758104739,20,40.0,14.812967581047388
351,2018-01-04 15:45:00,73.41645885286783,20,40.0,13.416458852867834
352,2018-01-04 16:00:00,75.41147132169576,20,40.0,15.411471321695757
353,2018-01-04 16:15:00,73.01745635910225,20,40.0,13.017456359102255
354,2018-01-04 16:30:00,72.41895261845387,20,40.0,12.418952618453872
355,2018-01-04 16:45:00,73.01745635910225,20,40.0,13.017456359102255
356,2018-01-04 17:00:00,74.214463840399,20,40.0,14.214463840399006
357,2018-01-04 17:15:00,73.41645885286783,20,40.0,13.416458852867834
358,2018-01-04 17:30:00,70.02493765586036,20,40.0,10.024937655860356
359,2018-01-04 17:45:00,69.82543640897757,20,40.0,9.825436408977566
360,2018-01-04 18:00:00,68.6284289276808,20,40.0,8.628428927680801
361,2018-01-04 18:15:00,68.22942643391522,20,40.0,8.229426433915222
362,2018-01-04 18:30:00,70.22443890274315,20,40.0,10.224438902743145
363,2018-01-04 18:45:00,69.22693266832918,20,40.0,9.226932668329184
364,2018-01-04 19:00:00,67.43142144638404,20,40.0,7.431421446384036
365,2018-01-04 19:15:00,65.43640897755611,20,40.0,5.436408977556113
366,2018-01-04 19:30:00,62.84289276807981,20,40.0,2.842892768079807
367,2018-01-04 19:45:00,64.23940149625935,20,40.0,4.239401496259347
368,2018-01-04 20:00:00,64.43890274314215,20,40.0,4.438902743142151
369,2018-01-04 20:15:00,65.03740648379053,20,40.0,5.037406483790534
370,2018-01-04 20:30:00,66.23441396508728,20,40.0,6.234413965087285
371,2018-01-04 20:45:00,66.0349127182045,20,40.0,6.034912718204495
372,2018-01-04 21:00:00,64.63840399002494,20,40.0,4.6384039900249405
373,2018-01-04 21:15:00,63.84039900249377,20,40.0,3.8403990024937684
374,2018-01-04 21:30:00,62.244389027431424,20,40.0,2.244389027431424
375,2018-01-04 21:45:00,63.64089775561098,20,40.0,3.640897755610979
376,2018-01-04 22:00:00,61.84538653366584,20,40.0,1.8453865336658382
377,2018-01-04 22:15:00,60.0498753117207,20,40.0,0.04987531172069737
378,2018-01-04 22:30:00,58.45386533665835,20,38.45386533665835,0.0
379,2018-01-04 22:45:00,58.254364089775564,20,38.254364089775564,0.0
380,2018-01-04 23:00:00,59.85037406483791,20,39.85037406483791,0.0
381,2018-01-04 23:15:00,61.44638403990025,20,40.0,1.446384039900252
382,2018-01-04 23:30:00,64.63840399002494,20,40.0,4.6384039900249405
383,2018-01-04 23:45:00,64.43890274314215,20,40.0,4.438902743142151
384,2018-01-05 00:00:00,62.84289276807981,20,40.0,2.842892768079807
385,2018-01-05 00:15:00,67.03241895261846,20,40.0,7.032418952618457
386,2018-01-05 00:30:00,66.43391521197007,20,40.0,6.433915211970074
387,2018-01-05 00:45:00,66.23441396508728,20,40.0,6.234413965087285
388,2018-01-05 01:00:00,63.84039900249377,20,40.0,3.8403990024937684
389,2018-01-05 01:15:00,60.64837905236908,20,40.0,0.64837905236908
390,2018-01-05 01:30:00,60.44887780548629,20,40.0,0.4488778054862905
391,2018-01-05 01:45:00,64.43890274314215,20,40.0,4.438902743142151
392,2018-01-05 02:00:00,65.23690773067332,20,40.0,5.236907730673323
393,2018-01-05 02:15:00,59.85037406483791,20,39.85037406483791,0.0
394,2018-01-05 02:30:00,59.85037406483791,20,39.85037406483791,0.0
395,2018-01-05 02:45:00,60.249376558603494,20,40.0,0.24937655860349395
396,2018-01-05 03:00:00,62.64339152119701,20,40.0,2.6433915211970103
397,2018-01-05 03:15:00,63.042394014962596,20,40.0,3.0423940149625963
398,2018-01-05 03:30:00,63.042394014962596,20,40.0,3.0423940149625963
399,2018-01-05 03:45:00,63.64089775561098,20,40.0,3.640897755610979
400,2018-01-05 04:00:00,63.84039900249377,20,40.0,3.8403990024937684
401,2018-01-05 04:15:00,62.044887780548635,20,40.0,2.0448877805486347
402,2018-01-05 04:30:00,61.047381546134666,20,40.0,1.047381546134666
403,2018-01-05 04:45:00,62.84289276807981,20,40.0,2.842892768079807
404,2018-01-05 05:00:00,64.63840399002494,20,40.0,4.6384039900249405
405,2018-01-05 05:15:00,66.43391521197007,20,40.0,6.433915211970074
406,2018-01-05 05:30:00,64.63840399002494,20,40.0,4.6384039900249405
407,2018-01-05 05:45:00,66.43391521197007,20,40.0,6.433915211970074
408,2018-01-05 06:00:00,66.23441396508728,20,40.0,6.234413965087285
409,2018-01-05 06:15:00,66.63341645885288,20,40.0,6.633416458852878
410,2018-01-05 06:30:00,68.6284289276808,20,40.0,8.628428927680801
411,2018-01-05 06:45:00,69.02743142144638,20,40.0,9.02743142144638
412,2018-01-05 07:00:00,67.63092269326684,20,40.0,7.6309226932668395
413,2018-01-05 07:15:00,66.23441396508728,20,40.0,6.234413965087285
414,2018-01-05 07:30:00,66.83291770573567,20,40.0,6.832917705735667
415,2018-01-05 07:45:00,70.82294264339153,20,40.0,10.822942643391528
416,2018-01-05 08:00:00,69.62593516209476,20,40.0,9.625935162094763
417,2018-01-05 08:15:00,68.02992518703242,20,40.0,8.029925187032418
418,2018-01-05 08:30:00,67.43142144638404,20,40.0,7.431421446384036
419,2018-01-05 08:45:00,67.23192019950125,20,40.0,7.231920199501246
420,2018-01-05 09:00:00,66.23441396508728,20,40.0,6.234413965087285
421,2018-01-05 09:15:00,67.43142144638404,20,40.0,7.431421446384036
422,2018-01-05 09:30:00,69.22693266832918,20,40.0,9.226932668329184
423,2018-01-05 09:45:00,71.42144638403991,20,40.0,11.42144638403991
424,2018-01-05 10:00:00,72.81795511221945,20,40.0,12.817955112219451
425,2018-01-05 10:15:00,72.21945137157107,20,40.0,12.219451371571068
426,2018-01-05 10:30:00,71.02244389027432,20,40.0,11.022443890274317
427,2018-01-05 10:45:00,71.82044887780549,20,40.0,11.82044887780549
428,2018-01-05 11:00:00,74.214463840399,20,40.0,14.214463840399006
429,2018-01-05 11:15:00,76.40897755610973,20,40.0,16.408977556109733
430,2018-01-05 11:30:00,74.6134663341646,20,40.0,14.613466334164599
431,2018-01-05 11:45:00,74.4139650872818,20,40.0,14.413965087281795
432,2018-01-05 12:00:00,72.41895261845387,20,40.0,12.418952618453872
433,2018-01-05 12:15:00,71.82044887780549,20,40.0,11.82044887780549
434,2018-01-05 12:30:00,73.61596009975062,20,40.0,13.615960099750623
435,2018-01-05 12:45:00,73.61596009975062,20,40.0,13.615960099750623
436,2018-01-05 13:00:00,73.81546134663341,20,40.0,13.815461346633413
437,2018-01-05 13:15:00,71.82044887780549,20,40.0,11.82044887780549
438,2018-01-05 13:30:00,70.22443890274315,20,40.0,10.224438902743145
439,2018-01-05 13:45:00,73.21695760598504,20,40.0,13.216957605985044
440,2018-01-05 14:00:00,73.61596009975062,20,40.0,13.615960099750623
441,2018-01-05 14:15:00,71.2219451371571,20,40.0,11.221945137157107
442,2018-01-05 14:30:00,71.2219451371571,20,40.0,11.221945137157107
443,2018-01-05 14:45:00,71.42144638403991,20,40.0,11.42144638403991
444,2018-01-05 15:00:00,72.41895261845387,20,40.0,12.418952618453872
445,2018-01-05 15:15:00,74.81296758104739,20,40.0,14.812967581047388
446,2018-01-05 15:30:00,75.61097256857856,20,40.0,15.61097256857856
447,2018-01-05 15:45:00,75.41147132169576,20,40.0,15.411471321695757
448,2018-01-05 16:00:00,74.01496259351622,20,40.0,14.014962593516216
449,2018-01-05 16:15:00,72.81795511221945,20,40.0,12.817955112219451
450,2018-01-05 16:30:00,72.81795511221945,20,40.0,12.817955112219451
451,2018-01-05 16:45:00,72.61845386533666,20,40.0,12.618453865336662
452,2018-01-05 17:00:00,74.214463840399,20,40.0,14.214463840399006
453,2018-01-05 17:15:00,73.41645885286783,20,40.0,13.416458852867834
454,2018-01-05 17:30:00,71.2219451371571,20,40.0,11.221945137157107
455,2018-01-05 17:45:00,72.81795511221945,20,40.0,12.817955112219451
456,2018-01-05 18:00:00,71.6209476309227,20,40.0,11.6209476309227
457,2018-01-05 18:15:00,69.42643391521197,20,40.0,9.426433915211973
458,2018-01-05 18:30:00,72.81795511221945,20,40.0,12.817955112219451
459,2018-01-05 18:45:00,71.42144638403991,20,40.0,11.42144638403991
460,2018-01-05 19:00:00,69.42643391521197,20,40.0,9.426433915211973
461,2018-01-05 19:15:00,67.03241895261846,20,40.0,7.032418952618457
462,2018-01-05 19:30:00,66.23441396508728,20,40.0,6.234413965087285
463,2018-01-05 19:45:00,68.02992518703242,20,40.0,8.029925187032418
464,2018-01-05 20:00:00,67.23192019950125,20,40.0,7.231920199501246
465,2018-01-05 20:15:00,68.6284289276808,20,40.0,8.628428927680801
466,2018-01-05 20:30:00,69.02743142144638,20,40.0,9.02743142144638
467,2018-01-05 20:45:00,69.42643391521197,20,40.0,9.426433915211973
468,2018-01-05 21:00:00,66.83291770573567,20,40.0,6.832917705735667
469,2018-01-05 21:15:00,64.63840399002494,20,40.0,4.6384039900249405
470,2018-01-05 21:30:00,63.64089775561098,20,40.0,3.640897755610979
471,2018-01-05 21:45:00,64.43890274314215,20,40.0,4.438902743142151
472,2018-01-05 22:00:00,61.64588528678304,20,40.0,1.6458852867830416
473,2018-01-05 22:15:00,59.45137157107232,20,39.45137157107232,0.0
474,2018-01-05 22:30:00,58.054862842892774,20,38.054862842892774,0.0
475,2018-01-05 22:45:00,56.45885286783043,20,36.45885286783043,0.0
476,2018-01-05 23:00:00,58.852867830423946,20,38.852867830423946,0.0
477,2018-01-05 23:15:00,61.44638403990025,20,40.0,1.446384039900252
478,2018-01-05 23:30:00,63.44139650872818,20,40.0,3.4413965087281824
479,2018-01-05 23:45:00,63.042394014962596,20,40.0,3.0423940149625963
480,2018-01-06 00:00:00,61.047381546134666,20,40.0,1.047381546134666
481,2018-01-06 00:15:00,65.43640897755611,20,40.0,5.436408977556113
482,2018-01-06 00:30:00,65.43640897755611,20,40.0,5.436408977556113
483,2018-01-06 00:45:00,64.83790523690773,20,40.0,4.83790523690773
484,2018-01-06 01:00:00,60.44887780548629,20,40.0,0.4488778054862905
485,2018-01-06 01:15:00,59.251870324189525,20,39.251870324189525,0.0
486,2018-01-06 01:30:00,59.052369077306736,20,39.052369077306736,0.0
487,2018-01-06 01:45:00,62.84289276807981,20,40.0,2.842892768079807
488,2018-01-06 02:00:00,64.63840399002494,20,40.0,4.6384039900249405
489,2018-01-06 02:15:00,59.85037406483791,20,39.85037406483791,0.0
490,2018-01-06 02:30:00,59.85037406483791,20,39.85037406483791,0.0
491,2018-01-06 02:45:00,60.249376558603494,20,40.0,0.24937655860349395
492,2018-01-06 03:00:00,60.84788029925187,20,40.0,0.8478802992518695
493,2018-01-06 03:15:00,60.44887780548629,20,40.0,0.4488778054862905
494,2018-01-06 03:30:00,60.44887780548629,20,40.0,0.4488778054862905
495,2018-01-06 03:45:00,62.244389027431424,20,40.0,2.244389027431424
496,2018-01-06 04:00:00,62.84289276807981,20,40.0,2.842892768079807
497,2018-01-06 04:15:00,61.64588528678304,20,40.0,1.6458852867830416
498,2018-01-06 04:30:00,61.047381546134666,20,40.0,1.047381546134666
499,2018-01-06 04:45:00,62.244389027431424,20,40.0,2.244389027431424
500,2018-01-06 05:00:00,65.23690773067332,20,40.0,5.236907730673323
501,2018-01-06 05:15:00,66.63341645885288,20,40.0,6.633416458852878
502,2018-01-06 05:30:00,66.43391521197007,20,40.0,6.433915211970074
503,2018-01-06 05:45:00,67.23192019950125,20,40.0,7.231920199501246
504,2018-01-06 06:00:00,64.03990024937656,20,40.0,4.039900249376558
505,2018-01-06 06:15:00,64.43890274314215,20,40.0,4.438902743142151
506,2018-01-06 06:30:00,67.03241895261846,20,40.0,7.032418952618457
507,2018-01-06 06:45:00,67.03241895261846,20,40.0,7.032418952618457
508,2018-01-06 07:00:00,68.22942643391522,20,40.0,8.229426433915222
509,2018-01-06 07:15:00,67.23192019950125,20,40.0,7.231920199501246
510,2018-01-06 07:30:00,68.22942643391522,20,40.0,8.229426433915222
511,2018-01-06 07:45:00,71.2219451371571,20,40.0,11.221945137157107
512,2018-01-06 08:00:00,70.22443890274315,20,40.0,10.224438902743145
513,2018-01-06 08:15:00,68.02992518703242,20,40.0,8.029925187032418
514,2018-01-06 08:30:00,67.43142144638404,20,40.0,7.431421446384036
515,2018-01-06 08:45:00,68.6284289276808,20,40.0,8.628428927680801
516,2018-01-06 09:00:00,69.82543640897757,20,40.0,9.825436408977566
517,2018-01-06 09:15:00,67.83042394014963,20,40.0,7.830423940149629
518,2018-01-06 09:30:00,69.02743142144638,20,40.0,9.02743142144638
519,2018-01-06 09:45:00,73.61596009975062,20,40.0,13.615960099750623
520,2018-01-06 10:00:00,74.4139650872818,20,40.0,14.413965087281795
521,2018-01-06 10:15:00,72.81795511221945,20,40.0,12.817955112219451
522,2018-01-06 10:30:00,73.81546134663341,20,40.0,13.815461346633413
523,2018-01-06 10:45:00,72.81795511221945,20,40.0,12.817955112219451
524,2018-01-06 11:00:00,75.61097256857856,20,40.0,15.61097256857856
525,2018-01-06 11:15:00,77.0074812967581,20,40.0,17.0074812967581
526,2018-01-06 11:30:00,76.00997506234414,20,40.0,16.00997506234414
527,2018-01-06 11:45:00,75.01246882793018,20,40.0,15.012468827930178
528,2018-01-06 12:00:00,75.01246882793018,20,40.0,15.012468827930178
529,2018-01-06 12:15:00,75.21197007481297,20,40.0,15.211970074812967
530,2018-01-06 12:30:00,74.6134663341646,20,40.0,14.613466334164599
531,2018-01-06 12:45:00,74.6134663341646,20,40.0,14.613466334164599
532,2018-01-06 13:00:00,73.21695760598504,20,40.0,13.216957605985044
533,2018-01-06 13:15:00,71.6209476309227,20,40.0,11.6209476309227
534,2018-01-06 13:30:00,72.41895261845387,20,40.0,12.418952618453872
535,2018-01-06 13:45:00,76.60847880299252,20,40.0,16.608478802992522
536,2018-01-06 14:00:00,77.4064837905237,20,40.0,17.406483790523694
537,2018-01-06 14:15:00,75.41147132169576,20,40.0,15.411471321695757
538,2018-01-06 14:30:00,74.214463840399,20,40.0,14.214463840399006
539,2018-01-06 14:45:00,73.41645885286783,20,40.0,13.416458852867834
540,2018-01-06 15:00:00,73.61596009975062,20,40.0,13.615960099750623
541,2018-01-06 15:15:00,74.81296758104739,20,40.0,14.812967581047388
542,2018-01-06 15:30:00,74.214463840399,20,40.0,14.214463840399006
543,2018-01-06 15:45:00,76.00997506234414,20,40.0,16.00997506234414
544,2018-01-06 16:00:00,75.01246882793018,20,40.0,15.012468827930178
545,2018-01-06 16:15:00,74.6134663341646,20,40.0,14.613466334164599
546,2018-01-06 16:30:00,70.82294264339153,20,40.0,10.822942643391528
547,2018-01-06 16:45:00,72.81795511221945,20,40.0,12.817955112219451
548,2018-01-06 17:00:00,74.4139650872818,20,40.0,14.413965087281795
549,2018-01-06 17:15:00,73.01745635910225,20,40.0,13.017456359102255
550,2018-01-06 17:30:00,71.02244389027432,20,40.0,11.022443890274317
551,2018-01-06 17:45:00,73.81546134663341,20,40.0,13.815461346633413
552,2018-01-06 18:00:00,74.214463840399,20,40.0,14.214463840399006
553,2018-01-06 18:15:00,72.81795511221945,20,40.0,12.817955112219451
554,2018-01-06 18:30:00,72.61845386533666,20,40.0,12.618453865336662
555,2018-01-06 18:45:00,70.22443890274315,20,40.0,10.224438902743145
556,2018-01-06 19:00:00,70.42394014962593,20,40.0,10.423940149625935
557,2018-01-06 19:15:00,67.03241895261846,20,40.0,7.032418952618457
558,2018-01-06 19:30:00,67.23192019950125,20,40.0,7.231920199501246
559,2018-01-06 19:45:00,68.22942643391522,20,40.0,8.229426433915222
560,2018-01-06 20:00:00,68.02992518703242,20,40.0,8.029925187032418
561,2018-01-06 20:15:00,68.6284289276808,20,40.0,8.628428927680801
562,2018-01-06 20:30:00,69.62593516209476,20,40.0,9.625935162094763
563,2018-01-06 20:45:00,69.82543640897757,20,40.0,9.825436408977566
564,2018-01-06 21:00:00,68.42892768079801,20,40.0,8.428927680798012
565,2018-01-06 21:15:00,66.0349127182045,20,40.0,6.034912718204495
566,2018-01-06 21:30:00,64.23940149625935,20,40.0,4.239401496259347
567,2018-01-06 21:45:00,64.43890274314215,20,40.0,4.438902743142151
568,2018-01-06 22:00:00,62.443890274314214,20,40.0,2.4438902743142137
569,2018-01-06 22:15:00,61.047381546134666,20,40.0,1.047381546134666
570,2018-01-06 22:30:00,59.052369077306736,20,39.052369077306736,0.0
571,2018-01-06 22:45:00,58.254364089775564,20,38.254364089775564,0.0
572,2018-01-06 23:00:00,60.44887780548629,20,40.0,0.4488778054862905
573,2018-01-06 23:15:00,62.443890274314214,20,40.0,2.4438902743142137
574,2018-01-06 23:30:00,65.23690773067332,20,40.0,5.236907730673323
575,2018-01-06 23:45:00,64.23940149625935,20,40.0,4.239401496259347
576,2018-01-07 00:00:00,62.64339152119701,20,40.0,2.6433915211970103
577,2018-01-07 00:15:00,66.43391521197007,20,40.0,6.433915211970074
578,2018-01-07 00:30:00,66.0349127182045,20,40.0,6.034912718204495
579,2018-01-07 00:45:00,66.23441396508728,20,40.0,6.234413965087285
580,2018-01-07 01:00:00,62.443890274314214,20,40.0,2.4438902743142137
581,2018-01-07 01:15:00,60.84788029925187,20,40.0,0.8478802992518695
582,2018-01-07 01:30:00,59.85037406483791,20,39.85037406483791,0.0
583,2018-01-07 01:45:00,63.84039900249377,20,40.0,3.8403990024937684
584,2018-01-07 02:00:00,65.03740648379053,20,40.0,5.037406483790534
585,2018-01-07 02:15:00,60.64837905236908,20,40.0,0.64837905236908
586,2018-01-07 02:30:00,60.64837905236908,20,40.0,0.64837905236908
587,2018-01-07 02:45:00,60.84788029925187,20,40.0,0.8478802992518695
588,2018-01-07 03:00:00,61.84538653366584,20,40.0,1.8453865336658382
589,2018-01-07 03:15:00,62.84289276807981,20,40.0,2.842892768079807
590,2018-01-07 03:30:00,62.64339152119701,20,40.0,2.6433915211970103
591,2018-01-07 03:45:00,63.241895261845386,20,40.0,3.241895261845386
592,2018-01-07 04:00:00,63.241895261845386,20,40.0,3.241895261845386
593,2018-01-07 04:15:00,61.64588528678304,20,40.0,1.6458852867830416
594,2018-01-07 04:30:00,62.044887780548635,20,40.0,2.0448877805486347
595,2018-01-07 04:45:00,63.241895261845386,20,40.0,3.241895261845386
596,2018-01-07 05:00:00,65.6359102244389,20,40.0,5.635910224438902
597,2018-01-07 05:15:00,66.43391521197007,20,40.0,6.433915211970074
598,2018-01-07 05:30:00,64.43890274314215,20,40.0,4.438902743142151
599,2018-01-07 05:45:00,66.43391521197007,20,40.0,6.433915211970074
600,2018-01-07 06:00:00,64.03990024937656,20,40.0,4.039900249376558
601,2018-01-07 06:15:00,65.03740648379053,20,40.0,5.037406483790534
602,2018-01-07 06:30:00,65.6359102244389,20,40.0,5.635910224438902
603,2018-01-07 06:45:00,68.6284289276808,20,40.0,8.628428927680801
604,2018-01-07 07:00:00,67.03241895261846,20,40.0,7.032418952618457
605,2018-01-07 07:15:00,66.0349127182045,20,40.0,6.034912718204495
606,2018-01-07 07:30:00,65.23690773067332,20,40.0,5.236907730673323
607,2018-01-07 07:45:00,68.6284289276808,20,40.0,8.628428927680801
608,2018-01-07 08:00:00,70.02493765586036,20,40.0,10.024937655860356
609,2018-01-07 08:15:00,69.02743142144638,20,40.0,9.02743142144638
610,2018-01-07 08:30:00,67.43142144638404,20,40.0,7.431421446384036
611,2018-01-07 08:45:00,68.22942643391522,20,40.0,8.229426433915222
612,2018-01-07 09:00:00,68.82793017456359,20,40.0,8.82793017456359
613,2018-01-07 09:15:00,69.02743142144638,20,40.0,9.02743142144638
614,2018-01-07 09:30:00,69.62593516209476,20,40.0,9.625935162094763
615,2018-01-07 09:45:00,73.81546134663341,20,40.0,13.815461346633413
616,2018-01-07 10:00:00,74.214463840399,20,40.0,14.214463840399006
617,2018-01-07 10:15:00,74.81296758104739,20,40.0,14.812967581047388
618,2018-01-07 10:30:00,73.21695760598504,20,40.0,13.216957605985044
619,2018-01-07 10:45:00,73.41645885286783,20,40.0,13.416458852867834
620,2018-01-07 11:00:00,75.41147132169576,20,40.0,15.411471321695757
621,2018-01-07 11:15:00,77.4064837905237,20,40.0,17.406483790523694
622,2018-01-07 11:30:00,76.40897755610973,20,40.0,16.408977556109733
623,2018-01-07 11:45:00,74.4139650872818,20,40.0,14.413965087281795
624,2018-01-07 12:00:00,73.01745635910225,20,40.0,13.017456359102255
625,2018-01-07 12:15:00,72.41895261845387,20,40.0,12.418952618453872
626,2018-01-07 12:30:00,74.214463840399,20,40.0,14.214463840399006
627,2018-01-07 12:45:00,74.01496259351622,20,40.0,14.014962593516216
628,2018-01-07 13:00:00,72.61845386533666,20,40.0,12.618453865336662
629,2018-01-07 13:15:00,70.02493765586036,20,40.0,10.024937655860356
630,2018-01-07 13:30:00,71.02244389027432,20,40.0,11.022443890274317
631,2018-01-07 13:45:00,76.40897755610973,20,40.0,16.408977556109733
632,2018-01-07 14:00:00,77.2069825436409,20,40.0,17.206982543640905
633,2018-01-07 14:15:00,75.41147132169576,20,40.0,15.411471321695757
634,2018-01-07 14:30:00,75.41147132169576,20,40.0,15.411471321695757
635,2018-01-07 14:45:00,76.60847880299252,20,40.0,16.608478802992522
636,2018-01-07 15:00:00,74.4139650872818,20,40.0,14.413965087281795
637,2018-01-07 15:15:00,76.60847880299252,20,40.0,16.608478802992522
638,2018-01-07 15:30:00,77.60598503740648,20,40.0,17.605985037406484
639,2018-01-07 15:45:00,76.20947630922694,20,40.0,16.209476309226943
640,2018-01-07 16:00:00,75.01246882793018,20,40.0,15.012468827930178
641,2018-01-07 16:15:00,73.01745635910225,20,40.0,13.017456359102255
642,2018-01-07 16:30:00,72.01995012468828,20,40.0,12.019950124688279
643,2018-01-07 16:45:00,73.41645885286783,20,40.0,13.416458852867834
644,2018-01-07 17:00:00,72.81795511221945,20,40.0,12.817955112219451
645,2018-01-07 17:15:00,72.81795511221945,20,40.0,12.817955112219451
646,2018-01-07 17:30:00,69.82543640897757,20,40.0,9.825436408977566
647,2018-01-07 17:45:00,71.42144638403991,20,40.0,11.42144638403991
648,2018-01-07 18:00:00,73.01745635910225,20,40.0,13.017456359102255
649,2018-01-07 18:15:00,71.02244389027432,20,40.0,11.022443890274317
650,2018-01-07 18:30:00,74.4139650872818,20,40.0,14.413965087281795
651,2018-01-07 18:45:00,72.81795511221945,20,40.0,12.817955112219451
652,2018-01-07 19:00:00,69.82543640897757,20,40.0,9.825436408977566
653,2018-01-07 19:15:00,68.02992518703242,20,40.0,8.029925187032418
654,2018-01-07 19:30:00,66.43391521197007,20,40.0,6.433915211970074
655,2018-01-07 19:45:00,67.03241895261846,20,40.0,7.032418952618457
656,2018-01-07 20:00:00,68.42892768079801,20,40.0,8.428927680798012
657,2018-01-07 20:15:00,68.6284289276808,20,40.0,8.628428927680801
658,2018-01-07 20:30:00,69.42643391521197,20,40.0,9.426433915211973
659,2018-01-07 20:45:00,69.22693266832918,20,40.0,9.226932668329184
660,2018-01-07 21:00:00,67.43142144638404,20,40.0,7.431421446384036
661,2018-01-07 21:15:00,65.6359102244389,20,40.0,5.635910224438902
662,2018-01-07 21:30:00,63.042394014962596,20,40.0,3.0423940149625963
663,2018-01-07 21:45:00,63.44139650872818,20,40.0,3.4413965087281824
664,2018-01-07 22:00:00,61.64588528678304,20,40.0,1.6458852867830416
665,2018-01-07 22:15:00,60.0498753117207,20,40.0,0.04987531172069737
666,2018-01-07 22:30:00,59.052369077306736,20,39.052369077306736,0.0
667,2018-01-07 22:45:00,58.45386533665835,20,38.45386533665835,0.0
668,2018-01-07 23:00:00,60.0498753117207,20,40.0,0.04987531172069737
669,2018-01-07 23:15:00,62.244389027431424,20,40.0,2.244389027431424
670,2018-01-07 23:30:00,64.63840399002494,20,40.0,4.6384039900249405
671,2018-01-07 23:45:00,63.84039900249377,20,40.0,3.8403990024937684
672,2018-01-08 00:00:00,62.244389027431424,20,40.0,2.244389027431424
673,2018-01-08 00:15:00,66.83291770573567,20,40.0,6.832917705735667
674,2018-01-08 00:30:00,66.43391521197007,20,40.0,6.433915211970074
675,2018-01-08 00:45:00,66.43391521197007,20,40.0,6.433915211970074
676,2018-01-08 01:00:00,64.03990024937656,20,40.0,4.039900249376558
677,2018-01-08 01:15:00,61.24688279301746,20,40.0,1.2468827930174626
678,2018-01-08 01:30:00,61.44638403990025,20,40.0,1.446384039900252
679,2018-01-08 01:45:00,64.03990024937656,20,40.0,4.039900249376558
680,2018-01-08 02:00:00,65.23690773067332,20,40.0,5.236907730673323
681,2018-01-08 02:15:00,60.249376558603494,20,40.0,0.24937655860349395
682,2018-01-08 02:30:00,60.64837905236908,20,40.0,0.64837905236908
683,2018-01-08 02:45:00,60.84788029925187,20,40.0,0.8478802992518695
684,2018-01-08 03:00:00,61.84538653366584,20,40.0,1.8453865336658382
685,2018-01-08 03:15:00,62.84289276807981,20,40.0,2.842892768079807
686,2018-01-08 03:30:00,62.84289276807981,20,40.0,2.842892768079807
687,2018-01-08 03:45:00,62.64339152119701,20,40.0,2.6433915211970103
688,2018-01-08 04:00:00,62.244389027431424,20,40.0,2.244389027431424
689,2018-01-08 04:15:00,61.84538653366584,20,40.0,1.8453865336658382
690,2018-01-08 04:30:00,61.44638403990025,20,40.0,1.446384039900252
691,2018-01-08 04:45:00,63.241895261845386,20,40.0,3.241895261845386
692,2018-01-08 05:00:00,64.83790523690773,20,40.0,4.83790523690773
693,2018-01-08 05:15:00,66.0349127182045,20,40.0,6.034912718204495
694,2018-01-08 05:30:00,64.23940149625935,20,40.0,4.239401496259347
695,2018-01-08 05:45:00,65.23690773067332,20,40.0,5.236907730673323
696,2018-01-08 06:00:00,64.63840399002494,20,40.0,4.6384039900249405
697,2018-01-08 06:15:00,64.23940149625935,20,40.0,4.239401496259347
698,2018-01-08 06:30:00,68.42892768079801,20,40.0,8.428927680798012
699,2018-01-08 06:45:00,67.03241895261846,20,40.0,7.032418952618457
700,2018-01-08 07:00:00,67.03241895261846,20,40.0,7.032418952618457
701,2018-01-08 07:15:00,66.63341645885288,20,40.0,6.633416458852878
702,2018-01-08 07:30:00,71.2219451371571,20,40.0,11.221945137157107
703,2018-01-08 07:45:00,73.61596009975062,20,40.0,13.615960099750623
704,2018-01-08 08:00:00,71.2219451371571,20,40.0,11.221945137157107
705,2018-01-08 08:15:00,69.82543640897757,20,40.0,9.825436408977566
706,2018-01-08 08:30:00,68.42892768079801,20,40.0,8.428927680798012
707,2018-01-08 08:45:00,69.42643391521197,20,40.0,9.426433915211973
708,2018-01-08 09:00:00,70.22443890274315,20,40.0,10.224438902743145
709,2018-01-08 09:15:00,70.42394014962593,20,40.0,10.423940149625935
710,2018-01-08 09:30:00,70.82294264339153,20,40.0,10.822942643391528
711,2018-01-08 09:45:00,74.01496259351622,20,40.0,14.014962593516216
712,2018-01-08 10:00:00,76.20947630922694,20,40.0,16.209476309226943
713,2018-01-08 10:15:00,74.81296758104739,20,40.0,14.812967581047388
714,2018-01-08 10:30:00,73.81546134663341,20,40.0,13.815461346633413
715,2018-01-08 10:45:00,75.21197007481297,20,40.0,15.211970074812967
716,2018-01-08 11:00:00,77.2069825436409,20,40.0,17.206982543640905
717,2018-01-08 11:15:00,78.00498753117208,20,40.0,18.004987531172077
718,2018-01-08 11:30:00,77.4064837905237,20,40.0,17.406483790523694
719,2018-01-08 11:45:00,76.00997506234414,20,40.0,16.00997506234414
720,2018-01-08 12:00:00,75.41147132169576,20,40.0,15.411471321695757
721,2018-01-08 12:15:00,75.81047381546135,20,40.0,15.81047381546135
722,2018-01-08 12:30:00,77.60598503740648,20,40.0,17.605985037406484
723,2018-01-08 12:45:00,77.0074812967581,20,40.0,17.0074812967581
724,2018-01-08 13:00:00,75.21197007481297,20,40.0,15.211970074812967
725,2018-01-08 13:15:00,72.61845386533666,20,40.0,12.618453865336662
726,2018-01-08 13:30:00,71.42144638403991,20,40.0,11.42144638403991
727,2018-01-08 13:45:00,74.4139650872818,20,40.0,14.413965087281795
728,2018-01-08 14:00:00,76.40897755610973,20,40.0,16.408977556109733
729,2018-01-08 14:15:00,74.01496259351622,20,40.0,14.014962593516216
730,2018-01-08 14:30:00,72.41895261845387,20,40.0,12.418952618453872
731,2018-01-08 14:45:00,73.01745635910225,20,40.0,13.017456359102255
732,2018-01-08 15:00:00,72.41895261845387,20,40.0,12.418952618453872
733,2018-01-08 15:15:00,74.214463840399,20,40.0,14.214463840399006
734,2018-01-08 15:30:00,75.41147132169576,20,40.0,15.411471321695757
735,2018-01-08 15:45:00,74.4139650872818,20,40.0,14.413965087281795
736,2018-01-08 16:00:00,73.41645885286783,20,40.0,13.416458852867834
737,2018-01-08 16:15:00,72.41895261845387,20,40.0,12.418952618453872
738,2018-01-08 16:30:00,72.01995012468828,20,40.0,12.019950124688279
739,2018-01-08 16:45:00,72.41895261845387,20,40.0,12.418952618453872
740,2018-01-08 17:00:00,72.81795511221945,20,40.0,12.817955112219451
741,2018-01-08 17:15:00,71.6209476309227,20,40.0,11.6209476309227
742,2018-01-08 17:30:00,69.02743142144638,20,40.0,9.02743142144638
743,2018-01-08 17:45:00,72.01995012468828,20,40.0,12.019950124688279
744,2018-01-08 18:00:00,71.6209476309227,20,40.0,11.6209476309227
745,2018-01-08 18:15:00,71.6209476309227,20,40.0,11.6209476309227
746,2018-01-08 18:30:00,73.21695760598504,20,40.0,13.216957605985044
747,2018-01-08 18:45:00,73.81546134663341,20,40.0,13.815461346633413
748,2018-01-08 19:00:00,71.6209476309227,20,40.0,11.6209476309227
749,2018-01-08 19:15:00,69.42643391521197,20,40.0,9.426433915211973
750,2018-01-08 19:30:00,67.43142144638404,20,40.0,7.431421446384036
751,2018-01-08 19:45:00,68.22942643391522,20,40.0,8.229426433915222
752,2018-01-08 20:00:00,69.42643391521197,20,40.0,9.426433915211973
753,2018-01-08 20:15:00,68.82793017456359,20,40.0,8.82793017456359
754,2018-01-08 20:30:00,69.42643391521197,20,40.0,9.426433915211973
755,2018-01-08 20:45:00,69.82543640897757,20,40.0,9.825436408977566
756,2018-01-08 21:00:00,66.63341645885288,20,40.0,6.633416458852878
757,2018-01-08 21:15:00,65.43640897755611,20,40.0,5.436408977556113
758,2018-01-08 21:30:00,64.63840399002494,20,40.0,4.6384039900249405
759,2018-01-08 21:45:00,64.63840399002494,20,40.0,4.6384039900249405
760,2018-01-08 22:00:00,62.64339152119701,20,40.0,2.6433915211970103
761,2018-01-08 22:15:00,60.249376558603494,20,40.0,0.24937655860349395
762,2018-01-08 22:30:00,58.65336658354115,20,38.65336658354115,0.0
763,2018-01-08 22:45:00,57.85536159600998,20,37.85536159600998,0.0
764,2018-01-08 23:00:00,59.85037406483791,20,39.85037406483791,0.0
765,2018-01-08 23:15:00,62.044887780548635,20,40.0,2.0448877805486347
766,2018-01-08 23:30:00,64.63840399002494,20,40.0,4.6384039900249405
767,2018-01-08 23:45:00,63.241895261845386,20,40.0,3.241895261845386
768,2018-01-09 00:00:00,62.244389027431424,20,40.0,2.244389027431424
769,2018-01-09 00:15:00,66.63341645885288,20,40.0,6.633416458852878
770,2018-01-09 00:30:00,66.0349127182045,20,40.0,6.034912718204495
771,2018-01-09 00:45:00,65.83541147132169,20,40.0,5.835411471321692
772,2018-01-09 01:00:00,63.84039900249377,20,40.0,3.8403990024937684
773,2018-01-09 01:15:00,60.84788029925187,20,40.0,0.8478802992518695
774,2018-01-09 01:30:00,61.047381546134666,20,40.0,1.047381546134666
775,2018-01-09 01:45:00,64.03990024937656,20,40.0,4.039900249376558
776,2018-01-09 02:00:00,65.23690773067332,20,40.0,5.236907730673323
777,2018-01-09 02:15:00,60.44887780548629,20,40.0,0.4488778054862905
778,2018-01-09 02:30:00,60.44887780548629,20,40.0,0.4488778054862905
779,2018-01-09 02:45:00,61.047381546134666,20,40.0,1.047381546134666
780,2018-01-09 03:00:00,62.244389027431424,20,40.0,2.244389027431424
781,2018-01-09 03:15:00,62.84289276807981,20,40.0,2.842892768079807
782,2018-01-09 03:30:00,62.64339152119701,20,40.0,2.6433915211970103
783,2018-01-09 03:45:00,62.443890274314214,20,40.0,2.4438902743142137
784,2018-01-09 04:00:00,63.241895261845386,20,40.0,3.241895261845386
785,2018-01-09 04:15:00,62.443890274314214,20,40.0,2.4438902743142137
786,2018-01-09 04:30:00,61.64588528678304,20,40.0,1.6458852867830416
787,2018-01-09 04:45:00,62.244389027431424,20,40.0,2.244389027431424
788,2018-01-09 05:00:00,65.83541147132169,20,40.0,5.835411471321692
789,2018-01-09 05:15:00,66.43391521197007,20,40.0,6.433915211970074
790,2018-01-09 05:30:00,64.83790523690773,20,40.0,4.83790523690773
791,2018-01-09 05:45:00,66.63341645885288,20,40.0,6.633416458852878
792,2018-01-09 06:00:00,65.03740648379053,20,40.0,5.037406483790534
793,2018-01-09 06:15:00,65.23690773067332,20,40.0,5.236907730673323
794,2018-01-09 06:30:00,68.42892768079801,20,40.0,8.428927680798012
795,2018-01-09 06:45:00,68.42892768079801,20,40.0,8.428927680798012
796,2018-01-09 07:00:00,68.6284289276808,20,40.0,8.628428927680801
797,2018-01-09 07:15:00,68.02992518703242,20,40.0,8.029925187032418
798,2018-01-09 07:30:00,68.42892768079801,20,40.0,8.428927680798012
799,2018-01-09 07:45:00,73.01745635910225,20,40.0,13.017456359102255
800,2018-01-09 08:00:00,74.01496259351622,20,40.0,14.014962593516216
801,2018-01-09 08:15:00,71.42144638403991,20,40.0,11.42144638403991
802,2018-01-09 08:30:00,68.02992518703242,20,40.0,8.029925187032418
803,2018-01-09 08:45:00,68.82793017456359,20,40.0,8.82793017456359
804,2018-01-09 09:00:00,69.62593516209476,20,40.0,9.625935162094763
805,2018-01-09 09:15:00,70.42394014962593,20,40.0,10.423940149625935
806,2018-01-09 09:30:00,70.22443890274315,20,40.0,10.224438902743145
807,2018-01-09 09:45:00,74.81296758104739,20,40.0,14.812967581047388
808,2018-01-09 10:00:00,74.81296758104739,20,40.0,14.812967581047388
809,2018-01-09 10:15:00,73.21695760598504,20,40.0,13.216957605985044
810,2018-01-09 10:30:00,74.214463840399,20,40.0,14.214463840399006
811,2018-01-09 10:45:00,74.214463840399,20,40.0,14.214463840399006
812,2018-01-09 11:00:00,77.2069825436409,20,40.0,17.206982543640905
813,2018-01-09 11:15:00,80.0,20,40.0,20.0
814,2018-01-09 11:30:00,79.20199501246883,20,40.0,19.201995012468828
815,2018-01-09 11:45:00,77.2069825436409,20,40.0,17.206982543640905
816,2018-01-09 12:00:00,75.21197007481297,20,40.0,15.211970074812967
817,2018-01-09 12:15:00,74.81296758104739,20,40.0,14.812967581047388
818,2018-01-09 12:30:00,78.60349127182045,20,40.0,18.603491271820445
819,2018-01-09 12:45:00,79.00249376558604,20,40.0,19.00249376558604
820,2018-01-09 13:00:00,75.41147132169576,20,40.0,15.411471321695757
821,2018-01-09 13:15:00,71.82044887780549,20,40.0,11.82044887780549
822,2018-01-09 13:30:00,70.82294264339153,20,40.0,10.822942643391528
823,2018-01-09 13:45:00,74.4139650872818,20,40.0,14.413965087281795
824,2018-01-09 14:00:00,77.0074812967581,20,40.0,17.0074812967581
825,2018-01-09 14:15:00,75.81047381546135,20,40.0,15.81047381546135
826,2018-01-09 14:30:00,74.214463840399,20,40.0,14.214463840399006
827,2018-01-09 14:45:00,75.01246882793018,20,40.0,15.012468827930178
828,2018-01-09 15:00:00,74.81296758104739,20,40.0,14.812967581047388
829,2018-01-09 15:15:00,76.00997506234414,20,40.0,16.00997506234414
830,2018-01-09 15:30:00,77.0074812967581,20,40.0,17.0074812967581
831,2018-01-09 15:45:00,75.41147132169576,20,40.0,15.411471321695757
832,2018-01-09 16:00:00,75.81047381546135,20,40.0,15.81047381546135
833,2018-01-09 16:15:00,74.6134663341646,20,40.0,14.613466334164599
834,2018-01-09 16:30:00,73.01745635910225,20,40.0,13.017456359102255
835,2018-01-09 16:45:00,72.41895261845387,20,40.0,12.418952618453872
836,2018-01-09 17:00:00,73.41645885286783,20,40.0,13.416458852867834
837,2018-01-09 17:15:00,71.82044887780549,20,40.0,11.82044887780549
838,2018-01-09 17:30:00,69.62593516209476,20,40.0,9.625935162094763
839,2018-01-09 17:45:00,73.01745635910225,20,40.0,13.017456359102255
840,2018-01-09 18:00:00,73.41645885286783,20,40.0,13.416458852867834
841,2018-01-09 18:15:00,73.21695760598504,20,40.0,13.216957605985044
842,2018-01-09 18:30:00,73.61596009975062,20,40.0,13.615960099750623
843,2018-01-09 18:45:00,72.81795511221945,20,40.0,12.817955112219451
844,2018-01-09 19:00:00,70.22443890274315,20,40.0,10.224438902743145
845,2018-01-09 19:15:00,66.83291770573567,20,40.0,6.832917705735667
846,2018-01-09 19:30:00,65.6359102244389,20,40.0,5.635910224438902
847,2018-01-09 19:45:00,66.43391521197007,20,40.0,6.433915211970074
848,2018-01-09 20:00:00,68.22942643391522,20,40.0,8.229426433915222
849,2018-01-09 20:15:00,69.22693266832918,20,40.0,9.226932668329184
850,2018-01-09 20:30:00,69.42643391521197,20,40.0,9.426433915211973
851,2018-01-09 20:45:00,70.02493765586036,20,40.0,10.024937655860356
852,2018-01-09 21:00:00,69.02743142144638,20,40.0,9.02743142144638
853,2018-01-09 21:15:00,66.83291770573567,20,40.0,6.832917705735667
854,2018-01-09 21:30:00,66.0349127182045,20,40.0,6.034912718204495
855,2018-01-09 21:45:00,67.43142144638404,20,40.0,7.431421446384036
856,2018-01-09 22:00:00,64.23940149625935,20,40.0,4.239401496259347
857,2018-01-09 22:15:00,62.443890274314214,20,40.0,2.4438902743142137
858,2018-01-09 22:30:00,59.45137157107232,20,39.45137157107232,0.0
859,2018-01-09 22:45:00,58.254364089775564,20,38.254364089775564,0.0
860,2018-01-09 23:00:00,59.65087281795512,20,39.65087281795512,0.0
861,2018-01-09 23:15:00,61.44638403990025,20,40.0,1.446384039900252
862,2018-01-09 23:30:00,64.63840399002494,20,40.0,4.6384039900249405
863,2018-01-09 23:45:00,63.84039900249377,20,40.0,3.8403990024937684
864,2018-01-10 00:00:00,62.044887780548635,20,40.0,2.0448877805486347
865,2018-01-10 00:15:00,66.43391521197007,20,40.0,6.433915211970074
866,2018-01-10 00:30:00,66.0349127182045,20,40.0,6.034912718204495
867,2018-01-10 00:45:00,65.83541147132169,20,40.0,5.835411471321692
868,2018-01-10 01:00:00,62.84289276807981,20,40.0,2.842892768079807
869,2018-01-10 01:15:00,61.24688279301746,20,40.0,1.2468827930174626
870,2018-01-10 01:30:00,59.85037406483791,20,39.85037406483791,0.0
871,2018-01-10 01:45:00,64.23940149625935,20,40.0,4.239401496259347
872,2018-01-10 02:00:00,64.83790523690773,20,40.0,4.83790523690773
873,2018-01-10 02:15:00,60.64837905236908,20,40.0,0.64837905236908
874,2018-01-10 02:30:00,60.64837905236908,20,40.0,0.64837905236908
875,2018-01-10 02:45:00,60.64837905236908,20,40.0,0.64837905236908
876,2018-01-10 03:00:00,63.042394014962596,20,40.0,3.0423940149625963
877,2018-01-10 03:15:00,64.03990024937656,20,40.0,4.039900249376558
878,2018-01-10 03:30:00,64.23940149625935,20,40.0,4.239401496259347
879,2018-01-10 03:45:00,64.63840399002494,20,40.0,4.6384039900249405
880,2018-01-10 04:00:00,64.63840399002494,20,40.0,4.6384039900249405
881,2018-01-10 04:15:00,62.244389027431424,20,40.0,2.244389027431424
882,2018-01-10 04:30:00,63.64089775561098,20,40.0,3.640897755610979
883,2018-01-10 04:45:00,63.64089775561098,20,40.0,3.640897755610979
884,2018-01-10 05:00:00,64.23940149625935,20,40.0,4.239401496259347
885,2018-01-10 05:15:00,66.43391521197007,20,40.0,6.433915211970074
886,2018-01-10 05:30:00,64.63840399002494,20,40.0,4.6384039900249405
887,2018-01-10 05:45:00,66.43391521197007,20,40.0,6.433915211970074
888,2018-01-10 06:00:00,64.43890274314215,20,40.0,4.438902743142151
889,2018-01-10 06:15:00,65.83541147132169,20,40.0,5.835411471321692
890,2018-01-10 06:30:00,70.02493765586036,20,40.0,10.024937655860356
891,2018-01-10 06:45:00,70.22443890274315,20,40.0,10.224438902743145
892,2018-01-10 07:00:00,70.02493765586036,20,40.0,10.024937655860356
893,2018-01-10 07:15:00,70.62344139650872,20,40.0,10.623441396508724
894,2018-01-10 07:30:00,72.01995012468828,20,40.0,12.019950124688279
895,2018-01-10 07:45:00,74.01496259351622,20,40.0,14.014962593516216
896,2018-01-10 08:00:00,73.81546134663341,20,40.0,13.815461346633413
897,2018-01-10 08:15:00,71.6209476309227,20,40.0,11.6209476309227
898,2018-01-10 08:30:00,70.42394014962593,20,40.0,10.423940149625935
899,2018-01-10 08:45:00,71.6209476309227,20,40.0,11.6209476309227
900,2018-01-10 09:00:00,69.82543640897757,20,40.0,9.825436408977566
901,2018-01-10 09:15:00,68.6284289276808,20,40.0,8.628428927680801
902,2018-01-10 09:30:00,69.02743142144638,20,40.0,9.02743142144638
903,2018-01-10 09:45:00,75.21197007481297,20,40.0,15.211970074812967
904,2018-01-10 10:00:00,74.81296758104739,20,40.0,14.812967581047388
905,2018-01-10 10:15:00,75.01246882793018,20,40.0,15.012468827930178
906,2018-01-10 10:30:00,74.214463840399,20,40.0,14.214463840399006
907,2018-01-10 10:45:00,74.4139650872818,20,40.0,14.413965087281795
908,2018-01-10 11:00:00,76.20947630922694,20,40.0,16.209476309226943
909,2018-01-10 11:15:00,77.2069825436409,20,40.0,17.206982543640905
910,2018-01-10 11:30:00,75.81047381546135,20,40.0,15.81047381546135
911,2018-01-10 11:45:00,75.01246882793018,20,40.0,15.012468827930178
912,2018-01-10 12:00:00,74.214463840399,20,40.0,14.214463840399006
913,2018-01-10 12:15:00,75.01246882793018,20,40.0,15.012468827930178
914,2018-01-10 12:30:00,75.81047381546135,20,40.0,15.81047381546135
915,2018-01-10 12:45:00,74.214463840399,20,40.0,14.214463840399006
916,2018-01-10 13:00:00,73.41645885286783,20,40.0,13.416458852867834
917,2018-01-10 13:15:00,70.62344139650872,20,40.0,10.623441396508724
918,2018-01-10 13:30:00,69.62593516209476,20,40.0,9.625935162094763
919,2018-01-10 13:45:00,74.4139650872818,20,40.0,14.413965087281795
920,2018-01-10 14:00:00,75.41147132169576,20,40.0,15.411471321695757
921,2018-01-10 14:15:00,74.214463840399,20,40.0,14.214463840399006
922,2018-01-10 14:30:00,71.6209476309227,20,40.0,11.6209476309227
923,2018-01-10 14:45:00,72.01995012468828,20,40.0,12.019950124688279
924,2018-01-10 15:00:00,71.6209476309227,20,40.0,11.6209476309227
925,2018-01-10 15:15:00,74.214463840399,20,40.0,14.214463840399006
926,2018-01-10 15:30:00,75.21197007481297,20,40.0,15.211970074812967
927,2018-01-10 15:45:00,74.214463840399,20,40.0,14.214463840399006
928,2018-01-10 16:00:00,74.214463840399,20,40.0,14.214463840399006
929,2018-01-10 16:15:00,71.82044887780549,20,40.0,11.82044887780549
930,2018-01-10 16:30:00,72.21945137157107,20,40.0,12.219451371571068
931,2018-01-10 16:45:00,72.41895261845387,20,40.0,12.418952618453872
932,2018-01-10 17:00:00,71.82044887780549,20,40.0,11.82044887780549
933,2018-01-10 17:15:00,71.2219451371571,20,40.0,11.221945137157107
934,2018-01-10 17:30:00,69.22693266832918,20,40.0,9.226932668329184
935,2018-01-10 17:45:00,72.81795511221945,20,40.0,12.817955112219451
936,2018-01-10 18:00:00,72.21945137157107,20,40.0,12.219451371571068
937,2018-01-10 18:15:00,71.02244389027432,20,40.0,11.022443890274317
938,2018-01-10 18:30:00,72.01995012468828,20,40.0,12.019950124688279
939,2018-01-10 18:45:00,70.42394014962593,20,40.0,10.423940149625935
940,2018-01-10 19:00:00,69.82543640897757,20,40.0,9.825436408977566
941,2018-01-10 19:15:00,67.83042394014963,20,40.0,7.830423940149629
942,2018-01-10 19:30:00,65.03740648379053,20,40.0,5.037406483790534
943,2018-01-10 19:45:00,66.0349127182045,20,40.0,6.034912718204495
944,2018-01-10 20:00:00,66.23441396508728,20,40.0,6.234413965087285
945,2018-01-10 20:15:00,66.83291770573567,20,40.0,6.832917705735667
946,2018-01-10 20:30:00,67.63092269326684,20,40.0,7.6309226932668395
947,2018-01-10 20:45:00,68.6284289276808,20,40.0,8.628428927680801
948,2018-01-10 21:00:00,66.83291770573567,20,40.0,6.832917705735667
949,2018-01-10 21:15:00,65.6359102244389,20,40.0,5.635910224438902
950,2018-01-10 21:30:00,65.03740648379053,20,40.0,5.037406483790534
951,2018-01-10 21:45:00,67.43142144638404,20,40.0,7.431421446384036
952,2018-01-10 22:00:00,64.23940149625935,20,40.0,4.239401496259347
953,2018-01-10 22:15:00,62.244389027431424,20,40.0,2.244389027431424
954,2018-01-10 22:30:00,59.052369077306736,20,39.052369077306736,0.0
955,2018-01-10 22:45:00,58.45386533665835,20,38.45386533665835,0.0
956,2018-01-10 23:00:00,60.64837905236908,20,40.0,0.64837905236908
957,2018-01-10 23:15:00,62.443890274314214,20,40.0,2.4438902743142137
958,2018-01-10 23:30:00,64.63840399002494,20,40.0,4.6384039900249405
959,2018-01-10 23:45:00,64.23940149625935,20,40.0,4.239401496259347
